method,retrieval_top1,clustering_purity
MOF,0.21411764705882352,0.2690196078431373
Fourier,0.7325490196078431,0.4611764705882353
Zernike,0.8352941176470589,0.527843137254902
