leaf_mode,ensemble_k,rerank_k,mof_leaf_acc,hybrid_acc,avg_route_time_s,num_queries,m0,max_m
ensemble,2,40,0.06901960784313725,0.5796078431372549,0.0009603414348527497,1275,1024,8192
ensemble,3,60,0.08705882352941176,0.6290196078431373,0.0010078185212378408,1275,1024,8192
