leaf_mode,ensemble_k,rerank_k,mof_leaf_acc,hybrid_acc,avg_route_time_s,num_queries,m0,max_m
leaf,,,0.1968627450980392,0.6282352941176471,0.0007569989971086,,,
ensemble,2.0,20.0,0.0627450980392156,0.4305882352941176,0.0008473119548722,1275.0,1024.0,8192.0
ensemble,2.0,40.0,0.0839215686274509,0.5631372549019608,0.0009221750147202,1275.0,1024.0,8192.0
ensemble,2.0,60.0,0.0635294117647058,0.6423529411764706,0.0008689863541546,1275.0,1024.0,8192.0
ensemble,2.0,100.0,0.064313725490196,0.6956862745098039,0.0009068711598714,1275.0,1024.0,8192.0
ensemble,2.0,40.0,0.0658823529411764,0.5403921568627451,0.0010007568434172,1275.0,1024.0,8192.0
ensemble,2.0,40.0,0.0831372549019607,0.5474509803921569,0.0009801780476289,1275.0,1024.0,8192.0
