method,retrieval_top1,clustering_purity
MOF,0.4714285714285714,0.5428571428571428
Fourier,0.9571428571428572,0.7571428571428571
Zernike,0.9714285714285714,0.6571428571428571
