split,num_test,zernike_acc,efd_simple_acc,hu_acc,efd_k
0.2,255,0.592156862745098,0.011764705882352941,0.011764705882352941,20
